{
    "ndcg_at_1": 0.64338,
    "ndcg_at_3": 0.73778,
    "ndcg_at_5": 0.7655,
    "ndcg_at_10": 0.78617,
    "ndcg_at_20": 0.79178,
    "ndcg_at_50": 0.79579,
    "ndcg_at_100": 0.79735,
    "map_at_1": 0.64338,
    "map_at_3": 0.71456,
    "map_at_5": 0.73005,
    "map_at_10": 0.7386,
    "map_at_20": 0.74018,
    "map_at_50": 0.74089,
    "map_at_100": 0.74102,
    "recall_at_1": 0.64338,
    "recall_at_3": 0.80498,
    "recall_at_5": 0.87181,
    "recall_at_10": 0.9356,
    "recall_at_20": 0.95747,
    "recall_at_50": 0.97691,
    "recall_at_100": 0.98663,
    "precision_at_1": 0.64338,
    "precision_at_3": 0.26833,
    "precision_at_5": 0.17436,
    "precision_at_10": 0.09356,
    "precision_at_20": 0.04787,
    "precision_at_50": 0.01954,
    "precision_at_100": 0.00987,
    "mrr_at_1": 0.6403402187120292,
    "mrr_at_3": 0.7135479951397331,
    "mrr_at_5": 0.7281591737545571,
    "mrr_at_10": 0.7370200003857358,
    "mrr_at_20": 0.7384425060705212,
    "mrr_at_50": 0.7391231538399492,
    "mrr_at_100": 0.7392565744811329,
    "naucs_at_1_max": 0.13957094943270068,
    "naucs_at_1_std": -0.30986153602705435,
    "naucs_at_1_diff1": 0.8105467571070821,
    "naucs_at_3_max": 0.17991956116709903,
    "naucs_at_3_std": -0.28963892005749337,
    "naucs_at_3_diff1": 0.6745996262075804,
    "naucs_at_5_max": 0.2151928592165738,
    "naucs_at_5_std": -0.19381954371621535,
    "naucs_at_5_diff1": 0.6498751987755329,
    "naucs_at_10_max": 0.3149999660336625,
    "naucs_at_10_std": 0.10506485800889417,
    "naucs_at_10_diff1": 0.5790058815165413,
    "naucs_at_20_max": 0.3473676394231891,
    "naucs_at_20_std": 0.2812392708609829,
    "naucs_at_20_diff1": 0.5412548804786855,
    "naucs_at_50_max": 0.3936174422864888,
    "naucs_at_50_std": 0.49161197222620034,
    "naucs_at_50_diff1": 0.47100707377167483,
    "naucs_at_100_max": 0.3698816822505366,
    "naucs_at_100_std": 0.4503113598998195,
    "naucs_at_100_diff1": 0.4466785767742519
}