{
    "ndcg_at_1": 0.5122,
    "ndcg_at_3": 0.56602,
    "ndcg_at_5": 0.58539,
    "ndcg_at_10": 0.61017,
    "ndcg_at_20": 0.62617,
    "ndcg_at_50": 0.6366,
    "ndcg_at_100": 0.64432,
    "map_at_1": 0.5122,
    "map_at_3": 0.55248,
    "map_at_5": 0.56334,
    "map_at_10": 0.57339,
    "map_at_20": 0.57795,
    "map_at_50": 0.57975,
    "map_at_100": 0.58038,
    "recall_at_1": 0.5122,
    "recall_at_3": 0.60532,
    "recall_at_5": 0.65188,
    "recall_at_10": 0.72949,
    "recall_at_20": 0.79157,
    "recall_at_50": 0.84257,
    "recall_at_100": 0.89135,
    "precision_at_1": 0.5122,
    "precision_at_3": 0.20177,
    "precision_at_5": 0.13038,
    "precision_at_10": 0.07295,
    "precision_at_20": 0.03958,
    "precision_at_50": 0.01685,
    "precision_at_100": 0.00891,
    "mrr_at_1": 0.5121951219512195,
    "mrr_at_3": 0.5532150776053216,
    "mrr_at_5": 0.5635254988913526,
    "mrr_at_10": 0.5739696617745398,
    "mrr_at_20": 0.5785428515462564,
    "mrr_at_50": 0.5802662082259027,
    "mrr_at_100": 0.580809462583543,
    "naucs_at_1_max": 0.2619620420585218,
    "naucs_at_1_std": 0.347685657440404,
    "naucs_at_1_diff1": 0.8332698787783123,
    "naucs_at_3_max": 0.1733925140051565,
    "naucs_at_3_std": 0.3787674914050796,
    "naucs_at_3_diff1": 0.7748377663754158,
    "naucs_at_5_max": 0.14422645132684234,
    "naucs_at_5_std": 0.40929805445362055,
    "naucs_at_5_diff1": 0.7595896717065014,
    "naucs_at_10_max": -0.008677636009223954,
    "naucs_at_10_std": 0.47838215345503693,
    "naucs_at_10_diff1": 0.7538815444762904,
    "naucs_at_20_max": -0.099669813770428,
    "naucs_at_20_std": 0.5788998848686181,
    "naucs_at_20_diff1": 0.7279924569482292,
    "naucs_at_50_max": -0.12155844864408408,
    "naucs_at_50_std": 0.7431256431637087,
    "naucs_at_50_diff1": 0.7608319525789808,
    "naucs_at_100_max": -0.15536950378452055,
    "naucs_at_100_std": 0.8527838214162923,
    "naucs_at_100_diff1": 0.7744421718587587
}