{
    "ndcg_at_1": 0.69643,
    "ndcg_at_3": 0.74996,
    "ndcg_at_5": 0.75595,
    "ndcg_at_10": 0.77771,
    "ndcg_at_20": 0.78564,
    "ndcg_at_50": 0.80337,
    "ndcg_at_100": 0.80518,
    "map_at_1": 0.69643,
    "map_at_3": 0.7375,
    "map_at_5": 0.74089,
    "map_at_10": 0.74977,
    "map_at_20": 0.75185,
    "map_at_50": 0.75471,
    "map_at_100": 0.75489,
    "recall_at_1": 0.69643,
    "recall_at_3": 0.78571,
    "recall_at_5": 0.8,
    "recall_at_10": 0.86786,
    "recall_at_20": 0.9,
    "recall_at_50": 0.98929,
    "recall_at_100": 1.0,
    "precision_at_1": 0.69643,
    "precision_at_3": 0.2619,
    "precision_at_5": 0.16,
    "precision_at_10": 0.08679,
    "precision_at_20": 0.045,
    "precision_at_50": 0.01979,
    "precision_at_100": 0.01,
    "mrr_at_1": 0.6964285714285714,
    "mrr_at_3": 0.7357142857142858,
    "mrr_at_5": 0.7400000000000001,
    "mrr_at_10": 0.7489186507936508,
    "mrr_at_20": 0.7509700941780221,
    "mrr_at_50": 0.7538301025095658,
    "mrr_at_100": 0.7540093557623663,
    "naucs_at_1_max": 0.2726047951984171,
    "naucs_at_1_std": 0.023433259904862506,
    "naucs_at_1_diff1": 0.8020432270216773,
    "naucs_at_3_max": 0.2924598478444634,
    "naucs_at_3_std": 0.10721893491124308,
    "naucs_at_3_diff1": 0.7134065934065941,
    "naucs_at_5_max": 0.2822445411731118,
    "naucs_at_5_std": 0.09708148993863275,
    "naucs_at_5_diff1": 0.6841640502354783,
    "naucs_at_10_max": 0.2282430213464703,
    "naucs_at_10_std": 0.002528214350873304,
    "naucs_at_10_diff1": 0.6538561784867217,
    "naucs_at_20_max": 0.1656996131786056,
    "naucs_at_20_std": -0.07559690542883785,
    "naucs_at_20_diff1": 0.6160630919034281,
    "naucs_at_50_max": 0.8638344226579494,
    "naucs_at_50_std": 0.8078120136943696,
    "naucs_at_50_diff1": 0.7152194211017615,
    "naucs_at_100_max": 1.0,
    "naucs_at_100_std": 1.0,
    "naucs_at_100_diff1": 1.0
}