{
    "ndcg_at_1": 0.81377,
    "ndcg_at_3": 0.85986,
    "ndcg_at_5": 0.86832,
    "ndcg_at_10": 0.87609,
    "ndcg_at_20": 0.87937,
    "ndcg_at_50": 0.88349,
    "ndcg_at_100": 0.88515,
    "map_at_1": 0.81377,
    "map_at_3": 0.84852,
    "map_at_5": 0.85327,
    "map_at_10": 0.85644,
    "map_at_20": 0.85745,
    "map_at_50": 0.85815,
    "map_at_100": 0.85831,
    "recall_at_1": 0.81377,
    "recall_at_3": 0.89271,
    "recall_at_5": 0.91296,
    "recall_at_10": 0.93725,
    "recall_at_20": 0.94939,
    "recall_at_50": 0.96964,
    "recall_at_100": 0.97976,
    "precision_at_1": 0.81377,
    "precision_at_3": 0.29757,
    "precision_at_5": 0.18259,
    "precision_at_10": 0.09372,
    "precision_at_20": 0.04747,
    "precision_at_50": 0.01939,
    "precision_at_100": 0.0098,
    "mrr_at_1": 0.8117408906882592,
    "mrr_at_3": 0.8475033738191632,
    "mrr_at_5": 0.8527665317139002,
    "mrr_at_10": 0.855945954630165,
    "mrr_at_20": 0.8566804463618867,
    "mrr_at_50": 0.8572799250882036,
    "mrr_at_100": 0.8574149195382709,
    "naucs_at_1_max": 0.48848558021699295,
    "naucs_at_1_std": -0.13852221875934276,
    "naucs_at_1_diff1": 0.9078536224537913,
    "naucs_at_3_max": 0.5701929411109815,
    "naucs_at_3_std": -0.10230871893265787,
    "naucs_at_3_diff1": 0.8621130783256743,
    "naucs_at_5_max": 0.576912381199317,
    "naucs_at_5_std": -0.13592823926638573,
    "naucs_at_5_diff1": 0.8539808758422271,
    "naucs_at_10_max": 0.7029172616072293,
    "naucs_at_10_std": 0.14379204929117678,
    "naucs_at_10_diff1": 0.8332940842660587,
    "naucs_at_20_max": 0.8097550130678544,
    "naucs_at_20_std": 0.29893900154417524,
    "naucs_at_20_diff1": 0.8267850316161912,
    "naucs_at_50_max": 0.8196956018790814,
    "naucs_at_50_std": 0.20401262588271146,
    "naucs_at_50_diff1": 0.8117782712342673,
    "naucs_at_100_max": 0.8774991424531593,
    "naucs_at_100_std": 0.6406492513828425,
    "naucs_at_100_diff1": 0.8014183246671058
}