{
    "ndcg_at_1": 0.6452,
    "ndcg_at_3": 0.73905,
    "ndcg_at_5": 0.76556,
    "ndcg_at_10": 0.78661,
    "ndcg_at_20": 0.7928,
    "ndcg_at_50": 0.7964,
    "ndcg_at_100": 0.79797,
    "map_at_1": 0.6452,
    "map_at_3": 0.71567,
    "map_at_5": 0.73053,
    "map_at_10": 0.73934,
    "map_at_20": 0.74106,
    "map_at_50": 0.74168,
    "map_at_100": 0.74182,
    "recall_at_1": 0.6452,
    "recall_at_3": 0.8068,
    "recall_at_5": 0.8706,
    "recall_at_10": 0.93499,
    "recall_at_20": 0.9593,
    "recall_at_50": 0.97691,
    "recall_at_100": 0.98663,
    "precision_at_1": 0.6452,
    "precision_at_3": 0.26893,
    "precision_at_5": 0.17412,
    "precision_at_10": 0.0935,
    "precision_at_20": 0.04796,
    "precision_at_50": 0.01954,
    "precision_at_100": 0.00987,
    "mrr_at_1": 0.6421628189550426,
    "mrr_at_3": 0.7137505062778456,
    "mrr_at_5": 0.729637505062779,
    "mrr_at_10": 0.7381007830430678,
    "mrr_at_20": 0.7397150441530715,
    "mrr_at_50": 0.7403437893420703,
    "mrr_at_100": 0.7404815431082974,
    "naucs_at_1_max": 0.13192920046761172,
    "naucs_at_1_std": -0.31521266240066487,
    "naucs_at_1_diff1": 0.8089967428881916,
    "naucs_at_3_max": 0.17868937990265477,
    "naucs_at_3_std": -0.2873888161422947,
    "naucs_at_3_diff1": 0.7084567362342774,
    "naucs_at_5_max": 0.20458470112136307,
    "naucs_at_5_std": -0.2526271311127757,
    "naucs_at_5_diff1": 0.6685893085111093,
    "naucs_at_10_max": 0.32497463348902444,
    "naucs_at_10_std": 0.11886273188406826,
    "naucs_at_10_diff1": 0.5905623742487109,
    "naucs_at_20_max": 0.37152980629467075,
    "naucs_at_20_std": 0.30769167781865725,
    "naucs_at_20_diff1": 0.5847058088321162,
    "naucs_at_50_max": 0.39877531195470334,
    "naucs_at_50_std": 0.4820305129466826,
    "naucs_at_50_diff1": 0.4864904796729648,
    "naucs_at_100_max": 0.3698816822505366,
    "naucs_at_100_std": 0.4503113598998195,
    "naucs_at_100_diff1": 0.4474186781966834
}