{
    "ndcg_at_1": 0.73,
    "ndcg_at_3": 0.81917,
    "ndcg_at_5": 0.8407,
    "ndcg_at_10": 0.85043,
    "ndcg_at_20": 0.85043,
    "ndcg_at_50": 0.85422,
    "ndcg_at_100": 0.85596,
    "map_at_1": 0.73,
    "map_at_3": 0.795,
    "map_at_5": 0.8075,
    "map_at_10": 0.81153,
    "map_at_20": 0.81153,
    "map_at_50": 0.81206,
    "map_at_100": 0.81225,
    "recall_at_1": 0.73,
    "recall_at_3": 0.89,
    "recall_at_5": 0.94,
    "recall_at_10": 0.97,
    "recall_at_20": 0.97,
    "recall_at_50": 0.99,
    "recall_at_100": 1.0,
    "precision_at_1": 0.73,
    "precision_at_3": 0.29667,
    "precision_at_5": 0.188,
    "precision_at_10": 0.097,
    "precision_at_20": 0.0485,
    "precision_at_50": 0.0198,
    "precision_at_100": 0.01,
    "mrr_at_1": 0.74,
    "mrr_at_3": 0.8,
    "mrr_at_5": 0.8125,
    "mrr_at_10": 0.8165277777777779,
    "mrr_at_20": 0.8165277777777779,
    "mrr_at_50": 0.8168308080808082,
    "mrr_at_100": 0.8172191942044884,
    "naucs_at_1_max": 0.35911852012030915,
    "naucs_at_1_std": -0.104543041931235,
    "naucs_at_1_diff1": 0.8473923214531445,
    "naucs_at_3_max": 0.31659651232712,
    "naucs_at_3_std": -0.3144918821407087,
    "naucs_at_3_diff1": 0.8778025942788411,
    "naucs_at_5_max": 0.41542172424525226,
    "naucs_at_5_std": -0.08481170245876228,
    "naucs_at_5_diff1": 0.8467164643635249,
    "naucs_at_10_max": 0.6095549330843449,
    "naucs_at_10_std": 0.2827575474634291,
    "naucs_at_10_diff1": 0.7860255213196407,
    "naucs_at_20_max": 0.6095549330843449,
    "naucs_at_20_std": 0.2827575474634291,
    "naucs_at_20_diff1": 0.7860255213196407,
    "naucs_at_50_max": 1.0,
    "naucs_at_50_std": 1.0,
    "naucs_at_50_diff1": 1.0,
    "naucs_at_100_max": NaN,
    "naucs_at_100_std": NaN,
    "naucs_at_100_diff1": NaN
}