{
    "ndcg_at_1": 0.50333,
    "ndcg_at_3": 0.55918,
    "ndcg_at_5": 0.57884,
    "ndcg_at_10": 0.6065,
    "ndcg_at_20": 0.62404,
    "ndcg_at_50": 0.63287,
    "ndcg_at_100": 0.64166,
    "map_at_1": 0.50333,
    "map_at_3": 0.54619,
    "map_at_5": 0.55739,
    "map_at_10": 0.56863,
    "map_at_20": 0.57353,
    "map_at_50": 0.57497,
    "map_at_100": 0.57568,
    "recall_at_1": 0.50333,
    "recall_at_3": 0.59645,
    "recall_at_5": 0.64302,
    "recall_at_10": 0.72949,
    "recall_at_20": 0.79823,
    "recall_at_50": 0.84257,
    "recall_at_100": 0.898,
    "precision_at_1": 0.50333,
    "precision_at_3": 0.19882,
    "precision_at_5": 0.1286,
    "precision_at_10": 0.07295,
    "precision_at_20": 0.03991,
    "precision_at_50": 0.01685,
    "precision_at_100": 0.00898,
    "mrr_at_1": 0.49889135254988914,
    "mrr_at_3": 0.5447154471544716,
    "mrr_at_5": 0.5550258684405026,
    "mrr_at_10": 0.566128180762327,
    "mrr_at_20": 0.5707296783131014,
    "mrr_at_50": 0.5722496542984932,
    "mrr_at_100": 0.5728843839371967,
    "naucs_at_1_max": 0.24876524380291448,
    "naucs_at_1_std": 0.3015713731388928,
    "naucs_at_1_diff1": 0.8363629968781681,
    "naucs_at_3_max": 0.1774270326274805,
    "naucs_at_3_std": 0.3825373717743669,
    "naucs_at_3_diff1": 0.7767798874468661,
    "naucs_at_5_max": 0.14044234033972333,
    "naucs_at_5_std": 0.4006552660863885,
    "naucs_at_5_diff1": 0.7473395181405206,
    "naucs_at_10_max": 0.010136514421072461,
    "naucs_at_10_std": 0.49398032470858366,
    "naucs_at_10_diff1": 0.7281244225112845,
    "naucs_at_20_max": -0.13219031046296661,
    "naucs_at_20_std": 0.6147787917498105,
    "naucs_at_20_diff1": 0.6971548918129199,
    "naucs_at_50_max": -0.125046755056327,
    "naucs_at_50_std": 0.7352203995385432,
    "naucs_at_50_diff1": 0.728262971380769,
    "naucs_at_100_max": -0.16409612304618737,
    "naucs_at_100_std": 0.8307253227164137,
    "naucs_at_100_diff1": 0.7247507002993191
}