{
    "ndcg_at_1": 0.61,
    "ndcg_at_3": 0.68547,
    "ndcg_at_5": 0.70701,
    "ndcg_at_10": 0.71679,
    "ndcg_at_20": 0.73984,
    "ndcg_at_50": 0.7499,
    "ndcg_at_100": 0.75638,
    "map_at_1": 0.61,
    "map_at_3": 0.66667,
    "map_at_5": 0.67917,
    "map_at_10": 0.68326,
    "map_at_20": 0.68973,
    "map_at_50": 0.69141,
    "map_at_100": 0.69198,
    "recall_at_1": 0.61,
    "recall_at_3": 0.74,
    "recall_at_5": 0.79,
    "recall_at_10": 0.82,
    "recall_at_20": 0.91,
    "recall_at_50": 0.96,
    "recall_at_100": 1.0,
    "precision_at_1": 0.61,
    "precision_at_3": 0.24667,
    "precision_at_5": 0.158,
    "precision_at_10": 0.082,
    "precision_at_20": 0.0455,
    "precision_at_50": 0.0192,
    "precision_at_100": 0.01,
    "mrr_at_1": 0.61,
    "mrr_at_3": 0.67,
    "mrr_at_5": 0.682,
    "mrr_at_10": 0.6860952380952381,
    "mrr_at_20": 0.6921863404053806,
    "mrr_at_50": 0.6932270404460809,
    "mrr_at_100": 0.6939262741848944,
    "naucs_at_1_max": 0.13587539467919557,
    "naucs_at_1_std": 0.44548517214811195,
    "naucs_at_1_diff1": 0.7902799389663556,
    "naucs_at_3_max": -0.13087466039495507,
    "naucs_at_3_std": 0.7531122014516848,
    "naucs_at_3_diff1": 0.6595434086209001,
    "naucs_at_5_max": -0.2129752085988401,
    "naucs_at_5_std": 0.8033520090412863,
    "naucs_at_5_diff1": 0.5779450308990798,
    "naucs_at_10_max": -0.3566747439145252,
    "naucs_at_10_std": 0.9123251459411831,
    "naucs_at_10_diff1": 0.5567518449168408,
    "naucs_at_20_max": -0.02941176470588267,
    "naucs_at_20_std": 0.9400871459694984,
    "naucs_at_20_diff1": 0.6283328146073236,
    "naucs_at_50_max": -0.08800186741363063,
    "naucs_at_50_std": 1.0,
    "naucs_at_50_diff1": 0.4561157796451911,
    "naucs_at_100_max": NaN,
    "naucs_at_100_std": NaN,
    "naucs_at_100_diff1": NaN
}