{
    "ndcg_at_1": 0.67,
    "ndcg_at_3": 0.73564,
    "ndcg_at_5": 0.74795,
    "ndcg_at_10": 0.76496,
    "ndcg_at_20": 0.77444,
    "ndcg_at_50": 0.78408,
    "ndcg_at_100": 0.78904,
    "map_at_1": 0.67,
    "map_at_3": 0.719,
    "map_at_5": 0.7258,
    "map_at_10": 0.73294,
    "map_at_20": 0.73546,
    "map_at_50": 0.73706,
    "map_at_100": 0.73752,
    "recall_at_1": 0.67,
    "recall_at_3": 0.784,
    "recall_at_5": 0.814,
    "recall_at_10": 0.866,
    "recall_at_20": 0.904,
    "recall_at_50": 0.952,
    "recall_at_100": 0.982,
    "precision_at_1": 0.67,
    "precision_at_3": 0.26133,
    "precision_at_5": 0.1628,
    "precision_at_10": 0.0866,
    "precision_at_20": 0.0452,
    "precision_at_50": 0.01904,
    "precision_at_100": 0.00982,
    "mrr_at_1": 0.672,
    "mrr_at_3": 0.7213333333333332,
    "mrr_at_5": 0.7279333333333331,
    "mrr_at_10": 0.7348706349206349,
    "mrr_at_20": 0.7376772406472096,
    "mrr_at_50": 0.7394464936829082,
    "mrr_at_100": 0.7398413448979081,
    "naucs_at_1_max": 0.5350002539317092,
    "naucs_at_1_std": -0.09280357535846692,
    "naucs_at_1_diff1": 0.930412554383708,
    "naucs_at_3_max": 0.5977062321240405,
    "naucs_at_3_std": -0.03298114556676016,
    "naucs_at_3_diff1": 0.8607321616739423,
    "naucs_at_5_max": 0.625738649113621,
    "naucs_at_5_std": -0.0002991996409614572,
    "naucs_at_5_diff1": 0.8631428785142605,
    "naucs_at_10_max": 0.695338512763596,
    "naucs_at_10_std": 0.07191144039090856,
    "naucs_at_10_diff1": 0.8524727215071283,
    "naucs_at_20_max": 0.6824326953003428,
    "naucs_at_20_std": 0.041053921568624425,
    "naucs_at_20_diff1": 0.8040674603174606,
    "naucs_at_50_max": 0.7130213196389658,
    "naucs_at_50_std": -0.08547307812013703,
    "naucs_at_50_diff1": 0.8328081232492991,
    "naucs_at_100_max": 0.85968461458657,
    "naucs_at_100_std": -0.10281149496835222,
    "naucs_at_100_diff1": 0.8946986201888171
}