{
    "ndcg_at_1": 0.7,
    "ndcg_at_3": 0.76309,
    "ndcg_at_5": 0.80178,
    "ndcg_at_10": 0.8374,
    "ndcg_at_20": 0.8374,
    "ndcg_at_50": 0.8374,
    "ndcg_at_100": 0.8374,
    "map_at_1": 0.7,
    "map_at_3": 0.75,
    "map_at_5": 0.77,
    "map_at_10": 0.78667,
    "map_at_20": 0.78667,
    "map_at_50": 0.78667,
    "map_at_100": 0.78667,
    "recall_at_1": 0.7,
    "recall_at_3": 0.8,
    "recall_at_5": 0.9,
    "recall_at_10": 1.0,
    "recall_at_20": 1.0,
    "recall_at_50": 1.0,
    "recall_at_100": 1.0,
    "precision_at_1": 0.7,
    "precision_at_3": 0.26667,
    "precision_at_5": 0.18,
    "precision_at_10": 0.1,
    "precision_at_20": 0.05,
    "precision_at_50": 0.02,
    "precision_at_100": 0.01,
    "mrr_at_1": 0.7,
    "mrr_at_3": 0.75,
    "mrr_at_5": 0.77,
    "mrr_at_10": 0.7866666666666666,
    "mrr_at_20": 0.7866666666666666,
    "mrr_at_50": 0.7866666666666666,
    "mrr_at_100": 0.7866666666666666,
    "naucs_at_1_max": 0.6306971716807785,
    "naucs_at_1_std": 0.11943793911007013,
    "naucs_at_1_diff1": 0.5335975499909928,
    "naucs_at_3_max": 0.6828171828171824,
    "naucs_at_3_std": -0.025974025974026805,
    "naucs_at_3_diff1": 0.4433066933066927,
    "naucs_at_5_max": 0.5541549953314666,
    "naucs_at_5_std": -0.17133520074696587,
    "naucs_at_5_diff1": -0.17133520074696587,
    "naucs_at_10_max": NaN,
    "naucs_at_10_std": NaN,
    "naucs_at_10_diff1": NaN,
    "naucs_at_20_max": NaN,
    "naucs_at_20_std": NaN,
    "naucs_at_20_diff1": NaN,
    "naucs_at_50_max": NaN,
    "naucs_at_50_std": NaN,
    "naucs_at_50_diff1": NaN,
    "naucs_at_100_max": NaN,
    "naucs_at_100_std": NaN,
    "naucs_at_100_diff1": NaN
}