{
    "ndcg_at_1": 0.81377,
    "ndcg_at_3": 0.86215,
    "ndcg_at_5": 0.86973,
    "ndcg_at_10": 0.87797,
    "ndcg_at_20": 0.88052,
    "ndcg_at_50": 0.88496,
    "ndcg_at_100": 0.88593,
    "map_at_1": 0.81377,
    "map_at_3": 0.8502,
    "map_at_5": 0.85445,
    "map_at_10": 0.85769,
    "map_at_20": 0.85839,
    "map_at_50": 0.85912,
    "map_at_100": 0.8592,
    "recall_at_1": 0.81377,
    "recall_at_3": 0.89676,
    "recall_at_5": 0.91498,
    "recall_at_10": 0.9413,
    "recall_at_20": 0.95142,
    "recall_at_50": 0.97368,
    "recall_at_100": 0.97976,
    "precision_at_1": 0.81377,
    "precision_at_3": 0.29892,
    "precision_at_5": 0.183,
    "precision_at_10": 0.09413,
    "precision_at_20": 0.04757,
    "precision_at_50": 0.01947,
    "precision_at_100": 0.0098,
    "mrr_at_1": 0.8117408906882592,
    "mrr_at_3": 0.8485155195681511,
    "mrr_at_5": 0.8527665317139,
    "mrr_at_10": 0.8560021849495533,
    "mrr_at_20": 0.8565907007735261,
    "mrr_at_50": 0.8573839794228763,
    "mrr_at_100": 0.8574664821085896,
    "naucs_at_1_max": 0.5061402469912804,
    "naucs_at_1_std": -0.14308520358823604,
    "naucs_at_1_diff1": 0.89928756617336,
    "naucs_at_3_max": 0.5590004523045206,
    "naucs_at_3_std": -0.14265836784493433,
    "naucs_at_3_diff1": 0.8528838095120694,
    "naucs_at_5_max": 0.5773306939347126,
    "naucs_at_5_std": -0.1629741497251075,
    "naucs_at_5_diff1": 0.8426081540402252,
    "naucs_at_10_max": 0.6920058568131747,
    "naucs_at_10_std": 0.13036554068360848,
    "naucs_at_10_diff1": 0.8148649267167644,
    "naucs_at_20_max": 0.8079586920995654,
    "naucs_at_20_std": 0.2697281266085154,
    "naucs_at_20_diff1": 0.8111913355392971,
    "naucs_at_50_max": 0.8233669400006994,
    "naucs_at_50_std": 0.18166589601039382,
    "naucs_at_50_diff1": 0.7928673478906872,
    "naucs_at_100_max": 0.8922124708224929,
    "naucs_at_100_std": 0.6406492513828425,
    "naucs_at_100_diff1": 0.7699079884773149
}