{
    "ndcg_at_1": 0.674,
    "ndcg_at_3": 0.73864,
    "ndcg_at_5": 0.75077,
    "ndcg_at_10": 0.7652,
    "ndcg_at_20": 0.77628,
    "ndcg_at_50": 0.78598,
    "ndcg_at_100": 0.79092,
    "map_at_1": 0.674,
    "map_at_3": 0.72233,
    "map_at_5": 0.72893,
    "map_at_10": 0.73501,
    "map_at_20": 0.73803,
    "map_at_50": 0.73966,
    "map_at_100": 0.74012,
    "recall_at_1": 0.674,
    "recall_at_3": 0.786,
    "recall_at_5": 0.816,
    "recall_at_10": 0.86,
    "recall_at_20": 0.904,
    "recall_at_50": 0.952,
    "recall_at_100": 0.982,
    "precision_at_1": 0.674,
    "precision_at_3": 0.262,
    "precision_at_5": 0.1632,
    "precision_at_10": 0.086,
    "precision_at_20": 0.0452,
    "precision_at_50": 0.01904,
    "precision_at_100": 0.00982,
    "mrr_at_1": 0.672,
    "mrr_at_3": 0.7223333333333332,
    "mrr_at_5": 0.7308333333333329,
    "mrr_at_10": 0.7351904761904758,
    "mrr_at_20": 0.7387561234087543,
    "mrr_at_50": 0.7404014639075976,
    "mrr_at_100": 0.7408067092941307,
    "naucs_at_1_max": 0.5556503664060124,
    "naucs_at_1_std": -0.10367907816547835,
    "naucs_at_1_diff1": 0.92377321396268,
    "naucs_at_3_max": 0.5933118197025053,
    "naucs_at_3_std": -0.0346871756962312,
    "naucs_at_3_diff1": 0.861156523510987,
    "naucs_at_5_max": 0.6319291542546303,
    "naucs_at_5_std": 0.013896084272330125,
    "naucs_at_5_diff1": 0.857504425160816,
    "naucs_at_10_max": 0.7088263821532506,
    "naucs_at_10_std": 0.08341416100872841,
    "naucs_at_10_diff1": 0.853020645697659,
    "naucs_at_20_max": 0.6714421879863057,
    "naucs_at_20_std": 0.017186041083098364,
    "naucs_at_20_diff1": 0.8126750700280115,
    "naucs_at_50_max": 0.6871498599439771,
    "naucs_at_50_std": -0.0686663554310598,
    "naucs_at_50_diff1": 0.8305711173358238,
    "naucs_at_100_max": 0.85968461458657,
    "naucs_at_100_std": -0.10281149496835222,
    "naucs_at_100_diff1": 0.8433447453055305
}